<?xml version="1.0" encoding="UTF-8"?>
<!DOCTYPE properties SYSTEM "http://java.sun.com/dtd/properties.dtd">
<properties>
	
	<!-- 댓글 목록 조회 -->
	<entry key="selectCommentList">
		SELECT COMMENT_NO, COMMENT_CONTENT, MEMBER_NO, 
		MEMBER_NM, CREATE_DT
		FROM "COMMENT"
		JOIN "MEMBER" USING(MEMBER_NO)
		WHERE DELETE_FL = 'N'
		AND BOARD_NO = ?
		ORDER BY COMMENT_NO
	</entry>
	
	<!-- 댓글 등록 -->
	<entry key="insertComment">
		INSERT INTO "COMMENT"
		VALUES(SEQ_COMMENT_NO.NEXTVAL, ?, DEFAULT, DEFAULT, ?, ?)
	</entry>
	
	<!--  댓글 확인 -->
	<entry key="checkCommentNo">
		SELECT COUNT(*) FROM "COMMENT"
		WHERE COMMENT_NO = ?
		AND MEMBER_NO = ?
		AND BOARD_NO = ?
	</entry>
	
	<!-- 댓글 수정 -->
	<entry key="updateComment">
		UPDATE "COMMENT" SET
		COMMENT_CONTENT = ?
		WHERE COMMENT_NO = ?
	</entry>
	
	<!-- 댓글 삭제 -->
	<entry key="deleteComment">
		UPDATE "COMMENT" SET
		DELETE_FL = 'Y'
		WHERE COMMENT_NO = ?
	</entry>
	
	
	
	
	

</properties>
